{
  "_fv": 79,
  "_type": "gui",
  "definition": {
    "type": 1,
    "width": 261,
    "height": 191,
    "inventoryOffsetX": 0,
    "inventoryOffsetY": 16,
    "renderBgLayer": true,
    "doesPauseGame": false,
    "components": [
      {
        "type": "inputslot",
        "data": {
          "inputLimit": {
            "value": ""
          },
          "disablePlacement": {
            "fixedValue": false
          },
          "color": {
            "value": -3355648,
            "falpha": 0.0
          },
          "id": 0,
          "disablePickup": {
            "fixedValue": false
          },
          "dropItemsWhenNotBound": true,
          "x": 97,
          "y": 150,
          "locked": false
        }
      },
      {
        "type": "outputslot",
        "data": {
          "id": 1,
          "disablePickup": {
            "fixedValue": true
          },
          "dropItemsWhenNotBound": false,
          "x": 115,
          "y": 43,
          "locked": false
        }
      },
      {
        "type": "outputslot",
        "data": {
          "id": 2,
          "disablePickup": {
            "fixedValue": true
          },
          "dropItemsWhenNotBound": false,
          "x": 169,
          "y": 42,
          "locked": false
        }
      },
      {
        "type": "outputslot",
        "data": {
          "id": 3,
          "disablePickup": {
            "fixedValue": true
          },
          "dropItemsWhenNotBound": false,
          "x": 222,
          "y": 43,
          "locked": false
        }
      },
      {
        "type": "outputslot",
        "data": {
          "id": 4,
          "disablePickup": {
            "fixedValue": true
          },
          "dropItemsWhenNotBound": false,
          "x": 278,
          "y": 43,
          "locked": false
        }
      },
      {
        "type": "outputslot",
        "data": {
          "id": 5,
          "disablePickup": {
            "fixedValue": true
          },
          "dropItemsWhenNotBound": false,
          "x": 115,
          "y": 77,
          "locked": false
        }
      },
      {
        "type": "outputslot",
        "data": {
          "id": 6,
          "disablePickup": {
            "fixedValue": true
          },
          "dropItemsWhenNotBound": false,
          "x": 169,
          "y": 77,
          "locked": false
        }
      },
      {
        "type": "outputslot",
        "data": {
          "id": 7,
          "disablePickup": {
            "fixedValue": true
          },
          "dropItemsWhenNotBound": false,
          "x": 222,
          "y": 77,
          "locked": false
        }
      },
      {
        "type": "outputslot",
        "data": {
          "id": 8,
          "disablePickup": {
            "fixedValue": true
          },
          "dropItemsWhenNotBound": false,
          "x": 278,
          "y": 77,
          "locked": false
        }
      },
      {
        "type": "outputslot",
        "data": {
          "id": 9,
          "disablePickup": {
            "fixedValue": true
          },
          "dropItemsWhenNotBound": false,
          "x": 115,
          "y": 109,
          "locked": false
        }
      },
      {
        "type": "outputslot",
        "data": {
          "id": 10,
          "disablePickup": {
            "fixedValue": true
          },
          "dropItemsWhenNotBound": false,
          "x": 169,
          "y": 109,
          "locked": false
        }
      },
      {
        "type": "outputslot",
        "data": {
          "id": 11,
          "disablePickup": {
            "fixedValue": true
          },
          "dropItemsWhenNotBound": false,
          "x": 222,
          "y": 109,
          "locked": false
        }
      },
      {
        "type": "outputslot",
        "data": {
          "id": 12,
          "disablePickup": {
            "fixedValue": true
          },
          "dropItemsWhenNotBound": false,
          "x": 278,
          "y": 109,
          "locked": false
        }
      },
      {
        "type": "button",
        "data": {
          "name": "button_empty",
          "text": "",
          "isUndecorated": true,
          "onClick": {
            "name": "BUYITEM1"
          },
          "width": 25,
          "height": 20,
          "x": 112,
          "y": 42,
          "locked": false
        }
      },
      {
        "type": "button",
        "data": {
          "name": "button_empty1",
          "text": "",
          "isUndecorated": true,
          "onClick": {
            "name": "BUYITEM2"
          },
          "width": 25,
          "height": 20,
          "x": 165,
          "y": 41,
          "locked": false
        }
      },
      {
        "type": "button",
        "data": {
          "name": "button_empty2",
          "text": "",
          "isUndecorated": true,
          "onClick": {
            "name": "BUYITEM3"
          },
          "width": 25,
          "height": 20,
          "x": 218,
          "y": 41,
          "locked": false
        }
      },
      {
        "type": "button",
        "data": {
          "name": "button_empty3",
          "text": "",
          "isUndecorated": true,
          "onClick": {
            "name": "BUYITEM4"
          },
          "width": 25,
          "height": 20,
          "x": 275,
          "y": 41,
          "locked": false
        }
      },
      {
        "type": "button",
        "data": {
          "name": "button_empty4",
          "text": "",
          "isUndecorated": true,
          "onClick": {
            "name": "BUYITEM5"
          },
          "width": 25,
          "height": 20,
          "x": 112,
          "y": 75,
          "locked": false
        }
      },
      {
        "type": "button",
        "data": {
          "name": "button_empty5",
          "text": "",
          "isUndecorated": true,
          "onClick": {
            "name": "BUYITEM6"
          },
          "width": 25,
          "height": 20,
          "x": 165,
          "y": 76,
          "locked": false
        }
      },
      {
        "type": "button",
        "data": {
          "name": "button_empty6",
          "text": "",
          "isUndecorated": true,
          "onClick": {
            "name": "BUYITEM7"
          },
          "width": 25,
          "height": 20,
          "x": 218,
          "y": 76,
          "locked": false
        }
      },
      {
        "type": "button",
        "data": {
          "name": "button_empty7",
          "text": "",
          "isUndecorated": true,
          "onClick": {
            "name": "BUYITEM8"
          },
          "width": 25,
          "height": 20,
          "x": 275,
          "y": 76,
          "locked": false
        }
      },
      {
        "type": "button",
        "data": {
          "name": "button_empty8",
          "text": "",
          "isUndecorated": true,
          "onClick": {
            "name": "BUYITEM9"
          },
          "width": 25,
          "height": 20,
          "x": 113,
          "y": 108,
          "locked": false
        }
      },
      {
        "type": "button",
        "data": {
          "name": "button_empty9",
          "text": "",
          "isUndecorated": true,
          "onClick": {
            "name": "BUYITEM10"
          },
          "width": 25,
          "height": 20,
          "x": 166,
          "y": 108,
          "locked": false
        }
      },
      {
        "type": "button",
        "data": {
          "name": "button_empty10",
          "text": "",
          "isUndecorated": true,
          "onClick": {
            "name": "BUYITEM11"
          },
          "width": 25,
          "height": 20,
          "x": 219,
          "y": 108,
          "locked": false
        }
      },
      {
        "type": "button",
        "data": {
          "name": "button_empty11",
          "text": "",
          "isUndecorated": true,
          "onClick": {
            "name": "BUYITEM12"
          },
          "width": 25,
          "height": 20,
          "x": 273,
          "y": 108,
          "locked": false
        }
      },
      {
        "type": "label",
        "data": {
          "name": "label_proc_return_price_item_1",
          "text": {
            "fixedValue": "",
            "name": "ReturnPriceItem1"
          },
          "color": {
            "value": -12829636,
            "falpha": 0.0
          },
          "x": 91,
          "y": 50,
          "locked": false
        }
      },
      {
        "type": "label",
        "data": {
          "name": "label_proc_return_price_item_2",
          "text": {
            "fixedValue": "",
            "name": "ReturnPriceItem2"
          },
          "color": {
            "value": -12829636,
            "falpha": 0.0
          },
          "x": 146,
          "y": 50,
          "locked": false
        }
      },
      {
        "type": "label",
        "data": {
          "name": "label_proc_return_price_item_3",
          "text": {
            "fixedValue": "",
            "name": "ReturnPriceItem3"
          },
          "color": {
            "value": -12829636,
            "falpha": 0.0
          },
          "x": 195,
          "y": 50,
          "locked": false
        }
      },
      {
        "type": "label",
        "data": {
          "name": "label_proc_return_price_item_4",
          "text": {
            "fixedValue": "",
            "name": "ReturnPriceItem4"
          },
          "color": {
            "value": -12829636,
            "falpha": 0.0
          },
          "x": 252,
          "y": 50,
          "locked": false
        }
      },
      {
        "type": "label",
        "data": {
          "name": "label_proc_return_price_item_5",
          "text": {
            "fixedValue": "",
            "name": "ReturnPriceItem5"
          },
          "color": {
            "value": -12829636,
            "falpha": 0.0
          },
          "x": 91,
          "y": 84,
          "locked": false
        }
      },
      {
        "type": "label",
        "data": {
          "name": "label_proc_return_price_item_6",
          "text": {
            "fixedValue": "",
            "name": "ReturnPriceItem6"
          },
          "color": {
            "value": -12829636,
            "falpha": 0.0
          },
          "x": 146,
          "y": 84,
          "locked": false
        }
      },
      {
        "type": "label",
        "data": {
          "name": "label_proc_return_price_item_7",
          "text": {
            "fixedValue": "",
            "name": "ReturnPriceItem7"
          },
          "color": {
            "value": -12829636,
            "falpha": 0.0
          },
          "x": 196,
          "y": 84,
          "locked": false
        }
      },
      {
        "type": "label",
        "data": {
          "name": "label_proc_return_price_item_8",
          "text": {
            "fixedValue": "",
            "name": "ReturnPriceItem8"
          },
          "color": {
            "value": -12829636,
            "falpha": 0.0
          },
          "x": 252,
          "y": 84,
          "locked": false
        }
      },
      {
        "type": "label",
        "data": {
          "name": "label_proc_return_price_item_9",
          "text": {
            "fixedValue": "",
            "name": "ReturnPriceItem9"
          },
          "color": {
            "value": -12829636,
            "falpha": 0.0
          },
          "x": 91,
          "y": 116,
          "locked": false
        }
      },
      {
        "type": "label",
        "data": {
          "name": "label_proc_return_price_item_10",
          "text": {
            "fixedValue": "",
            "name": "ReturnPriceItem10"
          },
          "color": {
            "value": -12829636,
            "falpha": 0.0
          },
          "x": 147,
          "y": 116,
          "locked": false
        }
      },
      {
        "type": "label",
        "data": {
          "name": "label_proc_return_price_item_101",
          "text": {
            "fixedValue": "",
            "name": "ReturnPriceItem10"
          },
          "color": {
            "value": -12829636,
            "falpha": 0.0
          },
          "x": 195,
          "y": 116,
          "locked": false
        }
      },
      {
        "type": "label",
        "data": {
          "name": "label_proc_return_price_item_12",
          "text": {
            "fixedValue": "",
            "name": "ReturnPriceItem12"
          },
          "color": {
            "value": -12829636,
            "falpha": 0.0
          },
          "x": 252,
          "y": 116,
          "locked": false
        }
      }
    ],
    "onOpen": {
      "name": "RELOADGUI"
    },
    "gridSettings": {
      "sx": 18,
      "sy": 18,
      "ox": 11,
      "oy": 15,
      "snapOnGrid": false
    }
  }
}