{
  "_fv": 79,
  "_type": "gui",
  "definition": {
    "type": 1,
    "width": 176,
    "height": 166,
    "inventoryOffsetX": 0,
    "inventoryOffsetY": 0,
    "renderBgLayer": true,
    "doesPauseGame": false,
    "components": [
      {
        "type": "inputslot",
        "data": {
          "inputLimit": {
            "value": ""
          },
          "disablePlacement": {
            "fixedValue": false
          },
          "id": 0,
          "disablePickup": {
            "fixedValue": false
          },
          "dropItemsWhenNotBound": false,
          "x": 168,
          "y": 55,
          "locked": false
        }
      },
      {
        "type": "textfield",
        "data": {
          "placeholder": "Money",
          "name": "Money",
          "width": 120,
          "height": 20,
          "x": 167,
          "y": 90,
          "locked": false
        }
      },
      {
        "type": "label",
        "data": {
          "name": "label_empty",
          "text": {
            "fixedValue": "$"
          },
          "color": {
            "value": -12829636,
            "falpha": 0.0
          },
          "x": 148,
          "y": 95,
          "locked": false
        }
      },
      {
        "type": "button",
        "data": {
          "name": "button_done",
          "text": "Done",
          "isUndecorated": false,
          "onClick": {
            "name": "RegisterItem1EDIT"
          },
          "width": 46,
          "height": 20,
          "x": 245,
          "y": 54,
          "locked": false
        }
      }
    ],
    "gridSettings": {
      "sx": 18,
      "sy": 18,
      "ox": 11,
      "oy": 15,
      "snapOnGrid": false
    }
  }
}