{
  "_fv": 79,
  "_type": "procedure",
  "definition": {
    "procedurexml": "<xml xmlns=\"https://developers.google.com/blockly/xml\"><block type=\"event_trigger\" deletable=\"false\" x=\"269\" y=\"123\"><field name=\"trigger\">no_ext_trigger</field><next><block type=\"variables_set_itemstack\"><mutation xmlns=\"http://www.w3.org/1999/xhtml\" is_player_var=\"false\" has_entity=\"false\"></mutation><field name=\"VAR\">global:Item3</field><value name=\"VAL\"><block type=\"gui_get_item_inslot\"><value name=\"slotid\"><block type=\"math_number\"><field name=\"NUM\">0</field></block></value><value name=\"entity\"><block type=\"entity_from_deps\"></block></value></block></value><next><block type=\"variables_set_number\"><mutation xmlns=\"http://www.w3.org/1999/xhtml\" is_player_var=\"false\" has_entity=\"false\"></mutation><field name=\"VAR\">global:Item3NSTACK</field><value name=\"VAL\"><block type=\"gui_get_amount_inslot\"><value name=\"slotid\"><block type=\"math_number\"><field name=\"NUM\">0</field></block></value><value name=\"entity\"><block type=\"entity_from_deps\"></block></value></block></value><next><block type=\"variables_set_string\"><mutation xmlns=\"http://www.w3.org/1999/xhtml\" is_player_var=\"false\" has_entity=\"false\"></mutation><field name=\"VAR\">global:Item3MONEY</field><value name=\"VAL\"><block type=\"gui_get_text_textfield\"><field name=\"textfield\">Money</field><value name=\"entity\"><block type=\"entity_from_deps\"></block></value></block></value><next><block type=\"play_sound\"><field name=\"sound\">CUSTOM:done</field><field name=\"soundcategory\">neutral</field><value name=\"x\"><block type=\"coord_x\"></block></value><value name=\"y\"><block type=\"coord_y\"></block></value><value name=\"z\"><block type=\"coord_z\"></block></value><value name=\"level\"><block type=\"math_number\"><field name=\"NUM\">1</field></block></value><value name=\"pitch\"><block type=\"math_number\"><field name=\"NUM\">1</field></block></value></block></next></block></next></block></next></block></next></block></xml>",
    "skipDependencyNullCheck": false
  }
}